id,attributionId,effectiveTime,credits,description,draft,workspaceInstanceId,kind,userId,endTime,userName,startTime,contextURL,workspaceId,userAvatarURL,workspaceType,workspaceClass
"551b3b8d-921e-43a4-9e0e-840e2b5a495f","team:af256564-0b32-4e83-96c9-bb991d1ad51c","1697122187761","11.35","","false","675653ce-fc8e-47a0-b37f-028244a39497","workspaceinstance","44d4dfa8-bdad-4236-a379-dd1338b47624","2023-10-12T14:49:47.761Z","Y4HYA4","2023-10-12T13:41:43.174Z","https://github.com/yaya2devops/terraform-beginner-bootcamp-2023/tree/1.9.9","yaya2devops-terraformbe-8mkmsslyfei","https://avatars.githubusercontent.com/u/87914378?v=4","regular","g1-standard"
"e1a3e161-a7ef-4d12-83b7-5d5a40372249","team:af256564-0b32-4e83-96c9-bb991d1ad51c","1697116493146","2.18","","false","8ec3e340-1c89-46fc-8cd7-1d74947f3117","workspaceinstance","44d4dfa8-bdad-4236-a379-dd1338b47624","2023-10-12T13:14:53.146Z","Y4HYA4","2023-10-12T13:01:47.178Z","https://github.com/yaya2devops/terraform-beginner-bootcamp-2023/tree/1.9.9","yaya2devops-terraformbe-zgknddx954a","https://avatars.githubusercontent.com/u/87914378?v=4","regular","g1-standard"
"26a289de-645b-468d-92ed-c61c2da55c8e","team:af256564-0b32-4e83-96c9-bb991d1ad51c","1697107287551","9.73","","false","ac605672-35fe-417d-966f-e36ef0f35369","workspaceinstance","44d4dfa8-bdad-4236-a379-dd1338b47624","2023-10-12T10:41:27.551Z","Y4HYA4","2023-10-12T09:43:03.214Z","https://github.com/yaya2devops/terraform-beginner-bootcamp-2023/tree/1.9.9","yaya2devops-terraformbe-xlzamp9vn1v","https://avatars.githubusercontent.com/u/87914378?v=4","regular","g1-standard"
"7ac12164-93fd-4b14-9751-5029cd168626","team:af256564-0b32-4e83-96c9-bb991d1ad51c","1697050135135","9.98","","false","9b5d6062-0796-4f99-b487-24ecc12086df","workspaceinstance","44d4dfa8-bdad-4236-a379-dd1338b47624","2023-10-11T18:48:55.135Z","Y4HYA4","2023-10-11T17:49:01.480Z","https://github.com/yaya2devops/terraform-beginner-bootcamp-2023/tree/51-terratowns-skeleton","yaya2devops-terraformbe-jrmxtpkfojp","https://avatars.githubusercontent.com/u/87914378?v=4","regular","g1-standard"
"df9a789c-dd65-4bca-8292-d2b72f18ccf5","team:af256564-0b32-4e83-96c9-bb991d1ad51c","1697049872363","7.54","","false","6de7e47d-89fc-4c22-bb2a-fc318f5c3cfa","workspaceinstance","44d4dfa8-bdad-4236-a379-dd1338b47624","2023-10-11T18:44:32.363Z","Y4HYA4","2023-10-11T17:59:19.600Z","https://github.com/yaya2devops/terraform-beginner-bootcamp-2023/tree/67-week-f-perfecting","yaya2devops-terraformbe-iotlrlimqcv","https://avatars.githubusercontent.com/u/87914378?v=4","regular","g1-standard"
"eeb17e01-c9e2-4f30-bcfc-0a8dd3d441eb","team:af256564-0b32-4e83-96c9-bb991d1ad51c","1697040040754","1.94","","false","3a82c431-79f2-4e32-99b5-bdac17ce3238","workspaceinstance","44d4dfa8-bdad-4236-a379-dd1338b47624","2023-10-11T16:00:40.754Z","Y4HYA4","2023-10-11T15:49:03.381Z","https://github.com/yaya2devops/bachelor-guide","yaya2devops-bachelorgui-sgcwwdb0x5i","https://avatars.githubusercontent.com/u/87914378?v=4","regular","g1-standard"
"d69db32c-bfd5-4817-84fe-0f3745ce3c5b","team:af256564-0b32-4e83-96c9-bb991d1ad51c","1697039064478","6.41","","false","eb3be57c-a1fb-429d-8e93-26c7b0bcb137","workspaceinstance","44d4dfa8-bdad-4236-a379-dd1338b47624","2023-10-11T15:44:24.478Z","Y4HYA4","2023-10-11T15:05:57.560Z","https://github.com/yaya2devops/terraform-beginner-bootcamp-2023/tree/49-terratowns-sinatra-server","yaya2devops-terraformbe-l2si3grm1mv","https://avatars.githubusercontent.com/u/87914378?v=4","regular","g1-standard"
"22f21ba4-af55-42d0-bc96-a08db5065396","team:af256564-0b32-4e83-96c9-bb991d1ad51c","1696974944992","15.71","","false","90594941-286d-453e-8389-1a0574932544","workspaceinstance","44d4dfa8-bdad-4236-a379-dd1338b47624","2023-10-10T21:55:44.992Z","Y4HYA4","2023-10-10T20:21:31.421Z","https://github.com/yaya2devops/terraform-beginner-bootcamp-2023/tree/65-triple-terrahome","yaya2devops-terraformbe-2qdmh6xzwot","https://avatars.githubusercontent.com/u/87914378?v=4","regular","g1-standard"
"a4b4b4dc-56fe-4a8f-a2c8-a9c01aae84fe","team:af256564-0b32-4e83-96c9-bb991d1ad51c","1696956275557","42.77","","false","093fb3ae-d21b-47f6-8004-7588c6c5007c","workspaceinstance","44d4dfa8-bdad-4236-a379-dd1338b47624","2023-10-10T16:44:35.557Z","Y4HYA4","2023-10-10T12:27:58.991Z","https://github.com/yaya2devops/terraform-beginner-bootcamp-2023","yaya2devops-terraformbe-nayflybvjql","https://avatars.githubusercontent.com/u/87914378?v=4","regular","g1-standard"
"794e3522-0127-4ce2-87a4-429af8405bf0","team:af256564-0b32-4e83-96c9-bb991d1ad51c","1696939384951","26.55","","false","2bbfb5bc-fa86-4fb4-ba86-fd49df43dad5","workspaceinstance","44d4dfa8-bdad-4236-a379-dd1338b47624","2023-10-10T12:03:04.951Z","Y4HYA4","2023-10-10T09:23:47.397Z","https://github.com/yaya2devops/terraform-beginner-bootcamp-2023","yaya2devops-terraformbe-nayflybvjql","https://avatars.githubusercontent.com/u/87914378?v=4","regular","g1-standard"
"28e6b227-666a-472d-82be-1a99f137598e","team:af256564-0b32-4e83-96c9-bb991d1ad51c","1696869161361","18.26","","false","6f927241-6fa3-4882-8a0a-8313e13b5532","workspaceinstance","44d4dfa8-bdad-4236-a379-dd1338b47624","2023-10-09T16:32:41.361Z","Y4HYA4","2023-10-09T14:43:06.315Z","https://github.com/yaya2devops/terraform-beginner-bootcamp-2023/tree/63-multi-terrahome","yaya2devops-terraformbe-lah1oefb5cc","https://avatars.githubusercontent.com/u/87914378?v=4","regular","g1-standard"
"c6b7b83a-e4f3-449f-b7b0-d26c545b49d4","team:af256564-0b32-4e83-96c9-bb991d1ad51c","1696861709352","42.03","","false","ca293fa9-4792-458e-9392-d0ec57466670","workspaceinstance","44d4dfa8-bdad-4236-a379-dd1338b47624","2023-10-09T14:28:29.352Z","Y4HYA4","2023-10-09T10:16:18.370Z","https://github.com/yaya2devops/terraform-beginner-bootcamp-2023/tree/63-multi-terrahome","yaya2devops-terraformbe-lah1oefb5cc","https://avatars.githubusercontent.com/u/87914378?v=4","regular","g1-standard"
"9fe34336-07b6-4423-b385-cc98ca0b1e9a","team:af256564-0b32-4e83-96c9-bb991d1ad51c","1696696151890","26.9","","false","d8855e4a-9a11-4760-80a2-edc6494f4daa","workspaceinstance","44d4dfa8-bdad-4236-a379-dd1338b47624","2023-10-07T16:29:11.890Z","Y4HYA4","2023-10-07T13:47:48.696Z","https://github.com/yaya2devops/terraform-beginner-bootcamp-2023/tree/59-terratowns-testing","yaya2devops-terraformbe-wk3z7oi5c8d","https://avatars.githubusercontent.com/u/87914378?v=4","regular","g1-standard"
"6e03f4be-92af-4a80-b480-5224063b97de","team:af256564-0b32-4e83-96c9-bb991d1ad51c","1696631916108","15.33","","false","be93836f-178e-4e20-bda6-ec330d6da3b7","workspaceinstance","44d4dfa8-bdad-4236-a379-dd1338b47624","2023-10-06T22:38:36.108Z","Y4HYA4","2023-10-06T21:06:35.729Z","https://github.com/yaya2devops/terraform-beginner-bootcamp-2023/tree/57-terratowns-cruds","yaya2devops-terraformbe-cm5s43asacc","https://avatars.githubusercontent.com/u/87914378?v=4","regular","g1-standard"
"173f5e07-673a-4d8e-a0ee-5f5f53c49be1","team:af256564-0b32-4e83-96c9-bb991d1ad51c","1696620757637","18.44","","false","0e476b09-df0d-444c-8455-c17edb692fa0","workspaceinstance","44d4dfa8-bdad-4236-a379-dd1338b47624","2023-10-06T19:32:37.637Z","Y4HYA4","2023-10-06T17:41:57.366Z","https://github.com/yaya2devops/terraform-beginner-bootcamp-2023/tree/57-terratowns-cruds","yaya2devops-terraformbe-usl7pqrm7f6","https://avatars.githubusercontent.com/u/87914378?v=4","regular","g1-standard"
"4f1ae60b-4eee-42d4-bc00-bd96a58cb528","team:af256564-0b32-4e83-96c9-bb991d1ad51c","1696614907668","0.64","","false","f74de2fa-c825-4fc6-98eb-0d00e144a183","workspaceinstance","44d4dfa8-bdad-4236-a379-dd1338b47624","2023-10-06T17:55:07.668Z","Y4HYA4","2023-10-06T17:51:16.127Z","https://github.com/yaya2devops/terraform-beginner-bootcamp-2023/tree/57-terratowns-cruds","yaya2devops-terraformbe-292po6eehks","https://avatars.githubusercontent.com/u/87914378?v=4","regular","g1-standard"
"be2cfbd6-71da-4b6b-ac7e-34e06518dce9","team:af256564-0b32-4e83-96c9-bb991d1ad51c","1696609055962","5.04","","false","00760ce0-0216-4f6e-846a-ff5e8711b10b","workspaceinstance","44d4dfa8-bdad-4236-a379-dd1338b47624","2023-10-06T16:17:35.962Z","Y4HYA4","2023-10-06T15:47:20.335Z","https://github.com/yaya2devops/terraform-beginner-bootcamp-2023/tree/57-terratowns-cruds","yaya2devops-terraformbe-usl7pqrm7f6","https://avatars.githubusercontent.com/u/87914378?v=4","regular","g1-standard"
"4cfc2410-6a0d-4acd-b0d2-8574b099ed36","team:af256564-0b32-4e83-96c9-bb991d1ad51c","1696599080105","2.58","","false","6491df4b-d2c0-4bac-94fd-a18753bc0bd3","workspaceinstance","44d4dfa8-bdad-4236-a379-dd1338b47624","2023-10-06T13:31:20.105Z","Y4HYA4","2023-10-06T13:15:52.900Z","https://github.com/yaya2devops/terraform-beginner-bootcamp-2023/tree/55-terratowns-reskel","yaya2devops-terraformbe-zqvuwl0mt2b","https://avatars.githubusercontent.com/u/87914378?v=4","regular","g1-standard"
"1ed6d4ab-9b8c-4c87-9e0e-d3cdcb8ec841","team:af256564-0b32-4e83-96c9-bb991d1ad51c","1696545353351","9.94","","false","fb61bfc6-889f-4aaa-be27-01da1ae16790","workspaceinstance","44d4dfa8-bdad-4236-a379-dd1338b47624","2023-10-05T22:35:53.351Z","Y4HYA4","2023-10-05T21:36:16.415Z","https://github.com/yaya2devops/terraform-beginner-bootcamp-2023/tree/55-terratowns-cruds","yaya2devops-terraformbe-c2oqjk4otfu","https://avatars.githubusercontent.com/u/87914378?v=4","regular","g1-standard"
"12059eaa-60b7-4b07-b4ad-47238987f206","team:af256564-0b32-4e83-96c9-bb991d1ad51c","1696517417297","9.39","","false","e646a1e5-50dd-434b-8056-db7cb7a9e602","workspaceinstance","44d4dfa8-bdad-4236-a379-dd1338b47624","2023-10-05T14:50:17.297Z","Y4HYA4","2023-10-05T13:53:55.574Z","https://github.com/yaya2devops/terraform-beginner-bootcamp-2023/tree/53-terratowns-block","yaya2devops-terraformbe-mk393y5hckn","https://avatars.githubusercontent.com/u/87914378?v=4","regular","g1-standard"
"0d7b9781-ac3a-42a3-adbd-da89de0a4624","team:af256564-0b32-4e83-96c9-bb991d1ad51c","1696429182675","15.8","","false","b9ae383b-53d5-4f3f-90c3-c2f64fec1dc5","workspaceinstance","44d4dfa8-bdad-4236-a379-dd1338b47624","2023-10-04T14:19:42.675Z","Y4HYA4","2023-10-04T12:44:54.199Z","https://github.com/yaya2devops/terraform-beginner-bootcamp-2023/tree/51-terratowns-skeleton","yaya2devops-terraformbe-aqrkfg5heht","https://avatars.githubusercontent.com/u/87914378?v=4","regular","g1-standard"
"1c91ad3a-8948-4e53-919f-da340d0c05d2","team:af256564-0b32-4e83-96c9-bb991d1ad51c","1696343235414","13.91","","false","84ba2440-8744-4c04-8c92-8b38388341e5","workspaceinstance","44d4dfa8-bdad-4236-a379-dd1338b47624","2023-10-03T14:27:15.414Z","Y4HYA4","2023-10-03T13:03:49.134Z","https://github.com/yaya2devops/terraform-beginner-bootcamp-2023/tree/49-terratown-sinatra-server","yaya2devops-terraformbe-jlgmn6dy57p","https://avatars.githubusercontent.com/u/87914378?v=4","regular","g1-standard"
"fa822898-959f-4409-a7c8-1791c74775a6","team:af256564-0b32-4e83-96c9-bb991d1ad51c","1696335669283","11.64","","false","f1734fb1-5f56-4584-a892-a035254c9d71","workspaceinstance","44d4dfa8-bdad-4236-a379-dd1338b47624","2023-10-03T12:21:09.283Z","Y4HYA4","2023-10-03T11:11:18.601Z","https://github.com/yaya2devops/terraform-beginner-bootcamp-2023/tree/47-week-one-perfecting","yaya2devops-terraformbe-cff8hmuhtp2","https://avatars.githubusercontent.com/u/87914378?v=4","regular","g1-standard"
"4b0201e0-7b07-44d1-97d3-8dd507325fc7","team:af256564-0b32-4e83-96c9-bb991d1ad51c","1696331457383","4.91","","false","06ec4acc-b018-44a2-96fb-4e1ab9c06d7e","workspaceinstance","44d4dfa8-bdad-4236-a379-dd1338b47624","2023-10-03T11:10:57.383Z","Y4HYA4","2023-10-03T10:41:30.021Z","https://github.com/yaya2devops/terraform-beginner-bootcamp-2023","yaya2devops-terraformbe-s3alvh029ja","https://avatars.githubusercontent.com/u/87914378?v=4","regular","g1-standard"
"3cc232a7-a4b2-4957-8654-4191dc03ede1","team:af256564-0b32-4e83-96c9-bb991d1ad51c","1696262017574","11.08","","false","4abb7de3-b476-4a80-a97d-13d03ea69e79","workspaceinstance","44d4dfa8-bdad-4236-a379-dd1338b47624","2023-10-02T15:53:37.574Z","Y4HYA4","2023-10-02T14:47:07.227Z","https://github.com/yaya2devops/terraform-beginner-bootcamp-2023/tree/47-week-one-perfecting","yaya2devops-terraformbe-yb4aueet8na","https://avatars.githubusercontent.com/u/87914378?v=4","regular","g1-standard"
"00b984d2-2717-4f2b-a0e1-c251450d1789","team:af256564-0b32-4e83-96c9-bb991d1ad51c","1696255539223","5.86","","false","229737cf-dd29-4ebe-a0ce-f6dcb1f4b98b","workspaceinstance","44d4dfa8-bdad-4236-a379-dd1338b47624","2023-10-02T14:05:39.223Z","Y4HYA4","2023-10-02T13:30:28.109Z","https://github.com/yaya2devops/terraform-beginner-bootcamp-2023","yaya2devops-terraformbe-4g6revedk5d","https://avatars.githubusercontent.com/u/87914378?v=4","regular","g1-standard"
"5e1ffb3e-2e4f-4585-9f80-919afa237706","team:af256564-0b32-4e83-96c9-bb991d1ad51c","1696243489929","3.77","","false","814135b7-a22c-4691-9eb0-3242682cc8a9","workspaceinstance","44d4dfa8-bdad-4236-a379-dd1338b47624","2023-10-02T10:44:49.929Z","Y4HYA4","2023-10-02T10:22:13.571Z","https://github.com/yaya2devops/feeders","yaya2devops-feeders-z5880k5tikl","https://avatars.githubusercontent.com/u/87914378?v=4","regular","g1-standard"
"4a5b6c8b-115b-4356-9e1d-cbcad0e4e452","team:af256564-0b32-4e83-96c9-bb991d1ad51c","1696188948663","6.92","","false","30c86264-fbca-4af8-b5d3-71cbb6357f43","workspaceinstance","44d4dfa8-bdad-4236-a379-dd1338b47624","2023-10-01T19:35:48.663Z","Y4HYA4","2023-10-01T18:54:18.575Z","https://github.com/yaya2devops/terraform-beginner-bootcamp-2023","yaya2devops-terraformbe-6lwgok85xln","https://avatars.githubusercontent.com/u/87914378?v=4","regular","g1-standard"
"7b3afe37-e4bd-4663-9f72-24dbe68b8b4f","team:af256564-0b32-4e83-96c9-bb991d1ad51c","1696173748371","0.6","","false","df9e9300-72bf-493c-b371-4ef1d0379bb6","workspaceinstance","44d4dfa8-bdad-4236-a379-dd1338b47624","2023-10-01T15:22:28.371Z","Y4HYA4","2023-10-01T15:18:51.821Z","https://github.com/yaya2devops/terraform-beginner-bootcamp-2023","yaya2devops-terraformbe-px9c1sy0gku","https://avatars.githubusercontent.com/u/87914378?v=4","regular","g1-standard"
"6641576b-2359-41b6-8af0-79efaea15942","team:af256564-0b32-4e83-96c9-bb991d1ad51c","1696173511838","1.69","","false","c76826fe-d06e-437b-ade6-1203d6ff0825","workspaceinstance","44d4dfa8-bdad-4236-a379-dd1338b47624","2023-10-01T15:18:31.838Z","Y4HYA4","2023-10-01T15:08:25.307Z","https://github.com/yaya2devops/terraform-beginner-bootcamp-2023","yaya2devops-terraformbe-523fvsj6z7w","https://avatars.githubusercontent.com/u/87914378?v=4","regular","g1-standard"
"5d4bc765-c7ea-4216-a7f6-24aab014e5ef","team:af256564-0b32-4e83-96c9-bb991d1ad51c","1696163092233","7.09","","false","a31494da-9f18-454c-9c54-d42f105d9ac9","workspaceinstance","44d4dfa8-bdad-4236-a379-dd1338b47624","2023-10-01T12:24:52.233Z","Y4HYA4","2023-10-01T11:42:18.390Z","https://github.com/yaya2devops/terraform-beginner-bootcamp-2023/tree/45-git-graph-config","yaya2devops-terraformbe-3nrxt4y79is","https://avatars.githubusercontent.com/u/87914378?v=4","regular","g1-standard"
"17952a75-3029-4d8c-a2c2-e03ebca20962","team:af256564-0b32-4e83-96c9-bb991d1ad51c","1696114613558","9.39","","false","4c88b5ae-df98-4a0d-92b5-8e6832df6f98","workspaceinstance","44d4dfa8-bdad-4236-a379-dd1338b47624","2023-09-30T22:56:53.558Z","Y4HYA4","2023-09-30T22:00:31.536Z","https://github.com/yaya2devops/terraform-beginner-bootcamp-2023/tree/43-tf-assets-upload","yaya2devops-terraformbe-lmejf4bxh28","https://avatars.githubusercontent.com/u/87914378?v=4","regular","g1-standard"
"788ce49e-c413-44b6-9fbb-1fa2ba8a88fa","team:af256564-0b32-4e83-96c9-bb991d1ad51c","1696083214240","10.65","","false","1d5c7cf4-487b-4e9c-afe6-50b85fd683c8","workspaceinstance","44d4dfa8-bdad-4236-a379-dd1338b47624","2023-09-30T14:13:34.240Z","Y4HYA4","2023-09-30T13:09:39.276Z","https://github.com/yaya2devops/terraform-beginner-bootcamp-2023/tree/41-trigger-cdn-cache","yaya2devops-terraformbe-loksemuuhl6","https://avatars.githubusercontent.com/u/87914378?v=4","regular","g1-standard"
"9474ce08-b431-40c3-b925-dba19a1b8012","team:af256564-0b32-4e83-96c9-bb991d1ad51c","1696079651793","4.62","","false","d3e434c7-f91c-47c6-aa10-424cfee62fee","workspaceinstance","44d4dfa8-bdad-4236-a379-dd1338b47624","2023-09-30T13:14:11.793Z","Y4HYA4","2023-09-30T12:46:29.458Z","https://github.com/yaya2devops/terraform-beginner-bootcamp-2023/tree/41-trigger-cdn-cache","yaya2devops-terraformbe-2fec3kkh2q1","https://avatars.githubusercontent.com/u/87914378?v=4","regular","g1-standard"
"04d7c76d-ed22-4998-a6d2-b564c95515f2","team:af256564-0b32-4e83-96c9-bb991d1ad51c","1696071798203","6.33","","false","03e1184e-d8cf-4612-b163-cf5603b33c78","workspaceinstance","44d4dfa8-bdad-4236-a379-dd1338b47624","2023-09-30T11:03:18.203Z","Y4HYA4","2023-09-30T10:25:18.144Z","https://github.com/yaya2devops/terraform-beginner-bootcamp-2023/tree/39-tf-content-version","yaya2devops-terraformbe-jt7v96kcyni","https://avatars.githubusercontent.com/u/87914378?v=4","regular","g1-standard"
"1c7c86b9-7903-48ce-a81a-d6e2fadf9c96","team:af256564-0b32-4e83-96c9-bb991d1ad51c","1696026336648","8.96","","false","61496dd5-1c7c-4537-a99f-443dd1a865ea","workspaceinstance","44d4dfa8-bdad-4236-a379-dd1338b47624","2023-09-29T22:25:36.648Z","Y4HYA4","2023-09-29T21:31:51.553Z","https://github.com/yaya2devops/terraform-beginner-bootcamp-2023/tree/39-tf-content-version","yaya2devops-terraformbe-wqdzjebe86r","https://avatars.githubusercontent.com/u/87914378?v=4","regular","g1-standard"
"dfb00216-2104-46aa-b50d-165a4c538a4e","team:af256564-0b32-4e83-96c9-bb991d1ad51c","1695948803865","14.25","","false","8f0172fb-a79f-403b-aa1f-8f0eb7dbe590","workspaceinstance","44d4dfa8-bdad-4236-a379-dd1338b47624","2023-09-29T00:53:23.865Z","Y4HYA4","2023-09-28T23:27:53.537Z","https://github.com/yaya2devops/terraform-beginner-bootcamp-2023/tree/37-cloudfront-cdn-implement","yaya2devops-terraformbe-4xq08payhjk","https://avatars.githubusercontent.com/u/87914378?v=4","regular","g1-standard"
"5e2a6d47-2266-4533-b853-714347798f33","team:af256564-0b32-4e83-96c9-bb991d1ad51c","1695948329003","3.06","","false","bbdc77ba-07ca-4cfc-ab24-43a76f924c80","workspaceinstance","44d4dfa8-bdad-4236-a379-dd1338b47624","2023-09-29T00:45:29.003Z","Y4HYA4","2023-09-29T00:27:06.224Z","https://github.com/yaya2devops/terraform-beginner-bootcamp-2023/tree/35-s3-static-website-host","yaya2devops-terraformbe-65lunsynmfn","https://avatars.githubusercontent.com/u/87914378?v=4","regular","g1-standard"
"e12d11e6-00d9-4cf6-818a-a2ae1d206502","team:af256564-0b32-4e83-96c9-bb991d1ad51c","1695856706571","1.52","","false","d262c7fc-c07c-4ae3-8db1-1bf3ea353a71","workspaceinstance","44d4dfa8-bdad-4236-a379-dd1338b47624","2023-09-27T23:18:26.571Z","Y4HYA4","2023-09-27T23:09:20.907Z","https://github.com/yaya2devops/terraform-beginner-bootcamp-2023/tree/35-s3-static-website-host","yaya2devops-terraformbe-bsd9jcpjkkd","https://avatars.githubusercontent.com/u/87914378?v=4","regular","g1-standard"
"8b4448e6-86ab-4dab-882f-b4ff8abab9fb","team:af256564-0b32-4e83-96c9-bb991d1ad51c","1695856092773","17.64","","false","21d0da14-e6bd-4136-8b27-cd3c83edab76","workspaceinstance","44d4dfa8-bdad-4236-a379-dd1338b47624","2023-09-27T23:08:12.773Z","Y4HYA4","2023-09-27T21:22:23.198Z","https://github.com/yaya2devops/terraform-beginner-bootcamp-2023","yaya2devops-terraformbe-87jh8g6cy8l","https://avatars.githubusercontent.com/u/87914378?v=4","regular","g1-standard"
"657ec6ac-48a2-4c17-9f1a-cd06a65cf3f6","team:af256564-0b32-4e83-96c9-bb991d1ad51c","1695743944797","18.96","","false","1f1d60fe-19a8-4d8e-8421-4402ed2fc802","workspaceinstance","44d4dfa8-bdad-4236-a379-dd1338b47624","2023-09-26T15:59:04.797Z","Y4HYA4","2023-09-26T14:05:18.326Z","https://github.com/yaya2devops/terraform-beginner-bootcamp-2023/tree/33-aws-terrahouse-module","yaya2devops-terraformbe-h0weby6kccp","https://avatars.githubusercontent.com/u/87914378?v=4","regular","g1-standard"
"22eb623b-26ba-443d-a5ce-37639d87d98b","team:af256564-0b32-4e83-96c9-bb991d1ad51c","1695675258076","6.54","","false","d8a24fb7-1e2c-4b82-a260-47d25755b80b","workspaceinstance","44d4dfa8-bdad-4236-a379-dd1338b47624","2023-09-25T20:54:18.076Z","Y4HYA4","2023-09-25T20:15:03.413Z","https://github.com/yaya2devops/terraform-beginner-bootcamp-2023/tree/31-terraform-config-drift","yaya2devops-terraformbe-6yt2cxifitn","https://avatars.githubusercontent.com/u/87914378?v=4","regular","g1-standard"
"7a660837-4e69-4ba5-a5df-402776d61ff0","team:af256564-0b32-4e83-96c9-bb991d1ad51c","1695650517209","12.48","","false","14bae7ab-6d37-463a-b13b-8bd0911946c5","workspaceinstance","44d4dfa8-bdad-4236-a379-dd1338b47624","2023-09-25T14:01:57.209Z","Y4HYA4","2023-09-25T12:47:04.312Z","https://github.com/yaya2devops/terraform-beginner-bootcamp-2023/tree/29-design-tf-root-module","yaya2devops-terraformbe-fpb6xe1b6zp","https://avatars.githubusercontent.com/u/87914378?v=4","regular","g1-standard"
"ec2a8464-1d8d-4171-9127-50fc353ca15e","team:af256564-0b32-4e83-96c9-bb991d1ad51c","1695560378441","9.21","","false","e88e3f29-79ab-4d2a-839b-27fc31e31942","workspaceinstance","44d4dfa8-bdad-4236-a379-dd1338b47624","2023-09-24T12:59:38.441Z","Y4HYA4","2023-09-24T12:04:21.334Z","https://github.com/yaya2devops/terraform-beginner-bootcamp-2023","yaya2devops-terraformbe-bxz8sdj9cbi","https://avatars.githubusercontent.com/u/87914378?v=4","regular","g1-standard"
"7cbfedc5-bc06-4738-a8e4-21d6d09ff8fb","team:af256564-0b32-4e83-96c9-bb991d1ad51c","1695557029164","8.89","","false","fd66865f-1415-4a03-a83d-22938914d810","workspaceinstance","44d4dfa8-bdad-4236-a379-dd1338b47624","2023-09-24T12:03:49.164Z","Y4HYA4","2023-09-24T11:10:27.913Z","https://github.com/yaya2devops/terraform-beginner-bootcamp-2023/tree/1-semantic-versioning","yaya2devops-terraformbe-odb0ukhg0dg","https://avatars.githubusercontent.com/u/87914378?v=4","regular","g1-standard"
"a44348a7-aa3a-4239-ad50-b52859461218","team:af256564-0b32-4e83-96c9-bb991d1ad51c","1695491573624","11.19","","false","f018c5f3-bc44-4c9a-980f-c14e98a99d1f","workspaceinstance","44d4dfa8-bdad-4236-a379-dd1338b47624","2023-09-23T17:52:53.624Z","Y4HYA4","2023-09-23T16:45:46.557Z","https://github.com/yaya2devops/terraform-beginner-bootcamp-2023/tree/0.9.0","yaya2devops-terraformbe-5ypoqt4ra5n","https://avatars.githubusercontent.com/u/87914378?v=4","regular","g1-standard"
"f620fb4a-dc80-4a0a-8a24-7425e3499e77","team:af256564-0b32-4e83-96c9-bb991d1ad51c","1695469337814","6.92","","false","c60c9615-92cd-4190-87c2-2feec0a4939c","workspaceinstance","44d4dfa8-bdad-4236-a379-dd1338b47624","2023-09-23T11:42:17.814Z","Y4HYA4","2023-09-23T11:00:46.530Z","https://github.com/yaya2devops/terraform-beginner-bootcamp-2023/tree/24-tf-alias-terraform","yaya2devops-terraformbe-49pqocjkntf","https://avatars.githubusercontent.com/u/87914378?v=4","regular","g1-standard"
"22eff5da-9210-4ae0-9afb-43c4f7001e03","team:af256564-0b32-4e83-96c9-bb991d1ad51c","1695464138020","12.26","","false","18720209-0914-4936-ba9e-1b7ff078df1a","workspaceinstance","44d4dfa8-bdad-4236-a379-dd1338b47624","2023-09-23T10:15:38.020Z","Y4HYA4","2023-09-23T09:02:06.231Z","https://github.com/yaya2devops/terraform-beginner-bootcamp-2023/tree/21-generate-tfrc","yaya2devops-terraformbe-zrl6uaugjme","https://avatars.githubusercontent.com/u/87914378?v=4","regular","g1-standard"
"f6810056-3586-4ff8-9723-77148000f7a0","team:af256564-0b32-4e83-96c9-bb991d1ad51c","1695417857312","13.91","","false","38e06357-58c9-4f63-906d-8e2d264bb467","workspaceinstance","44d4dfa8-bdad-4236-a379-dd1338b47624","2023-09-22T21:24:17.312Z","Y4HYA4","2023-09-22T20:00:51.410Z","https://github.com/yaya2devops/terraform-beginner-bootcamp-2023/tree/18-migrate-terraform-cloud","yaya2devops-terraformbe-6nsuf00b18a","https://avatars.githubusercontent.com/u/87914378?v=4","regular","g1-standard"
"9786e399-0237-40e2-a99b-f7b32f18819d","team:af256564-0b32-4e83-96c9-bb991d1ad51c","1695417476349","2.38","","false","1396ae09-cd19-4ef1-8270-2212b220176e","workspaceinstance","44d4dfa8-bdad-4236-a379-dd1338b47624","2023-09-22T21:17:56.349Z","Y4HYA4","2023-09-22T21:03:41.483Z","https://github.com/yaya2devops/terraform-beginner-bootcamp-2023/tree/main","yaya2devops-terraformbe-ifr8jejhjz8","https://avatars.githubusercontent.com/u/87914378?v=4","regular","g1-standard"
"0761fcf3-4d38-43ef-9bfb-0b7ab82d1995","team:af256564-0b32-4e83-96c9-bb991d1ad51c","1695335172682","11.81","","false","05ab9eba-1406-41ba-9511-cf03ce33012c","workspaceinstance","44d4dfa8-bdad-4236-a379-dd1338b47624","2023-09-21T22:26:12.682Z","Y4HYA4","2023-09-21T21:15:22.088Z","https://github.com/yaya2devops/terraform-beginner-bootcamp-2023/tree/15-terraform-simple-s3-bucket","yaya2devops-terraformbe-f71hv6k3lg8","https://avatars.githubusercontent.com/u/87914378?v=4","regular","g1-standard"
"507cd475-1034-48a5-9c95-98d90828c9a2","team:af256564-0b32-4e83-96c9-bb991d1ad51c","1695333938334","9.99","","false","7c71f68d-21c3-4f09-abd6-85a592108bc8","workspaceinstance","44d4dfa8-bdad-4236-a379-dd1338b47624","2023-09-21T22:05:38.334Z","Y4HYA4","2023-09-21T21:05:40.979Z","https://github.com/yaya2devops/terraform-beginner-bootcamp-2023","yaya2devops-terraformbe-ly5jf2gmhw0","https://avatars.githubusercontent.com/u/87914378?v=4","regular","g1-standard"
"eab5dec1-f333-482e-8af3-f790f31203c5","team:af256564-0b32-4e83-96c9-bb991d1ad51c","1695309965921","11.54","","false","14d7c485-931c-4eac-9206-4bdd46b4e71a","workspaceinstance","44d4dfa8-bdad-4236-a379-dd1338b47624","2023-09-21T15:26:05.921Z","Y4HYA4","2023-09-21T14:16:52.756Z","https://github.com/yaya2devops/terraform-beginner-bootcamp-2023/tree/13-tf-random-bucket-name","yaya2devops-terraformbe-h9rqt9od2r1","https://avatars.githubusercontent.com/u/87914378?v=4","regular","g1-standard"
"f4742a7d-14fd-4ec8-94a1-b83b9f5f987d","team:af256564-0b32-4e83-96c9-bb991d1ad51c","1695247671693","0.99","","false","fda78533-ee5c-4842-8a1a-0d1e48c45229","workspaceinstance","44d4dfa8-bdad-4236-a379-dd1338b47624","2023-09-20T22:07:51.693Z","Y4HYA4","2023-09-20T22:01:53.929Z","https://github.com/yaya2devops/terraform-beginner-bootcamp-2023/tree/1-semantic-versionning-for-next-gen-developers","yaya2devops-terraformbe-4qbxi6ham0p","https://avatars.githubusercontent.com/u/87914378?v=4","regular","g1-standard"
"2843bbef-f572-4a26-a30a-4e83187a0512","team:af256564-0b32-4e83-96c9-bb991d1ad51c","1695247275644","7.3","","false","e7742f14-179d-4095-95a3-09dff92b2dd2","workspaceinstance","44d4dfa8-bdad-4236-a379-dd1338b47624","2023-09-20T22:01:15.644Z","Y4HYA4","2023-09-20T21:17:28.768Z","https://github.com/yaya2devops/terraform-beginner-bootcamp-2023/tree/8-refactor-aws-cli","yaya2devops-terraformbe-rlz6kej5l8z","https://avatars.githubusercontent.com/u/87914378?v=4","regular","g1-standard"
"deef8a64-91d0-41f5-b0f9-c5efd2608d8f","team:af256564-0b32-4e83-96c9-bb991d1ad51c","1695246533979","12.41","","false","3a1e29d9-9b40-4ffa-a985-dcd65527b615","workspaceinstance","44d4dfa8-bdad-4236-a379-dd1338b47624","2023-09-20T21:48:53.979Z","Y4HYA4","2023-09-20T20:34:26.116Z","https://github.com/yaya2devops/terraform-beginner-bootcamp-2023/tree/8-refactor-aws-cli","yaya2devops-terraformbe-t4cb4uurdaf","https://avatars.githubusercontent.com/u/87914378?v=4","regular","g1-standard"
"761969b9-ceea-4e0f-9e5d-0903ed1c6eed","team:af256564-0b32-4e83-96c9-bb991d1ad51c","1695211619447","7.87","","false","60ab365b-a2f3-4256-9d90-b7211cca4606","workspaceinstance","44d4dfa8-bdad-4236-a379-dd1338b47624","2023-09-20T12:06:59.447Z","Y4HYA4","2023-09-20T11:19:46.870Z","https://github.com/yaya2devops/terraform-beginner-bootcamp-2023/tree/5-project-root-environment-variable","yaya2devops-terraformbe-8tr9kftl5r5","https://avatars.githubusercontent.com/u/87914378?v=4","regular","g1-standard"
"8746cd9f-83e1-4cbf-9e5b-d5349151e923","team:af256564-0b32-4e83-96c9-bb991d1ad51c","1695159259012","1.86","","false","751fa85d-0a3c-4cc6-8ccb-b1c6c1f5adbd","workspaceinstance","44d4dfa8-bdad-4236-a379-dd1338b47624","2023-09-19T21:34:19.012Z","Y4HYA4","2023-09-19T21:23:09.891Z","https://github.com/yaya2devops/aws-cloud-project-bootcamp/blob/main/journal/README.md","yaya2devops-awscloudpro-91xnhgw5amo","https://avatars.githubusercontent.com/u/87914378?v=4","regular","g1-standard"
"80e63b7d-1424-48dd-ac27-0f3908e333a3","team:af256564-0b32-4e83-96c9-bb991d1ad51c","1695158388966","8.21","","false","726af72f-a5b6-4aba-9c30-e344860cc323","workspaceinstance","44d4dfa8-bdad-4236-a379-dd1338b47624","2023-09-19T21:19:48.966Z","Y4HYA4","2023-09-19T20:30:34.203Z","https://github.com/yaya2devops/terraform-beginner-bootcamp-2023","yaya2devops-terraformbe-e6ln98hh5wb","https://avatars.githubusercontent.com/u/87914378?v=4","regular","g1-standard"
"b0437dc4-a874-4d4d-a35a-6f144854725f","team:af256564-0b32-4e83-96c9-bb991d1ad51c","1695117841383","6.7","","false","21401892-80de-4cc3-8031-768d793346f8","workspaceinstance","44d4dfa8-bdad-4236-a379-dd1338b47624","2023-09-19T10:04:01.383Z","Y4HYA4","2023-09-19T09:23:48.531Z","https://github.com/yaya2devops/bachelor-guide","yaya2devops-bachelorgui-m0pmosi9adg","https://avatars.githubusercontent.com/u/87914378?v=4","regular","g1-standard"
"01f91be5-a51c-4b96-9460-5fafbbf2e830","team:af256564-0b32-4e83-96c9-bb991d1ad51c","1695075970064","6.52","","false","bd04b266-bf21-46d7-aa00-c67dd5af216b","workspaceinstance","44d4dfa8-bdad-4236-a379-dd1338b47624","2023-09-18T22:26:10.064Z","Y4HYA4","2023-09-18T21:47:01.731Z","https://github.com/yaya2devops/terraform-beginner-bootcamp-2023","yaya2devops-terraformbe-hgfamlwwcu1","https://avatars.githubusercontent.com/u/87914378?v=4","regular","g1-standard"
"e6e58069-23c0-4fa5-bf86-77cc81cb3f21","team:af256564-0b32-4e83-96c9-bb991d1ad51c","1695071337164","3.81","","false","c3c81cb2-4fc3-45e6-a480-593c055dd1dd","workspaceinstance","44d4dfa8-bdad-4236-a379-dd1338b47624","2023-09-18T21:08:57.164Z","Y4HYA4","2023-09-18T20:46:06.042Z","https://github.com/yaya2devops/aws-cloud-project-bootcamp","yaya2devops-awscloudpro-quaylswib3j","https://avatars.githubusercontent.com/u/87914378?v=4","regular","g1-standard"